/*M!999999\- enable the sandbox mode */ 
-- MariaDB dump 10.19  Distrib 10.6.23-MariaDB, for Linux (x86_64)
--
-- Host: localhost    Database: medth
-- ------------------------------------------------------
-- Server version	10.6.23-MariaDB

/*!40101 SET @OLD_CHARACTER_SET_CLIENT=@@CHARACTER_SET_CLIENT */;
/*!40101 SET @OLD_CHARACTER_SET_RESULTS=@@CHARACTER_SET_RESULTS */;
/*!40101 SET @OLD_COLLATION_CONNECTION=@@COLLATION_CONNECTION */;
/*!40101 SET NAMES utf8mb4 */;
/*!40103 SET @OLD_TIME_ZONE=@@TIME_ZONE */;
/*!40103 SET TIME_ZONE='+00:00' */;
/*!40014 SET @OLD_UNIQUE_CHECKS=@@UNIQUE_CHECKS, UNIQUE_CHECKS=0 */;
/*!40014 SET @OLD_FOREIGN_KEY_CHECKS=@@FOREIGN_KEY_CHECKS, FOREIGN_KEY_CHECKS=0 */;
/*!40101 SET @OLD_SQL_MODE=@@SQL_MODE, SQL_MODE='NO_AUTO_VALUE_ON_ZERO' */;
/*!40111 SET @OLD_SQL_NOTES=@@SQL_NOTES, SQL_NOTES=0 */;

--
-- Table structure for table `bookings`
--

DROP TABLE IF EXISTS `bookings`;
/*!40101 SET @saved_cs_client     = @@character_set_client */;
/*!40101 SET character_set_client = utf8mb4 */;
CREATE TABLE `bookings` (
  `id` bigint(20) unsigned NOT NULL AUTO_INCREMENT,
  `branch_id` int(10) unsigned NOT NULL,
  `booking_code` varchar(30) NOT NULL,
  `customer_name` varchar(150) NOT NULL,
  `customer_phone` varchar(20) NOT NULL,
  `line_id` varchar(100) DEFAULT NULL,
  `booking_date` date NOT NULL,
  `time_slot_id` int(10) unsigned NOT NULL,
  `staff_id` int(10) unsigned NOT NULL,
  `notes` text DEFAULT NULL,
  `booking_status` enum('pending','confirmed','completed') NOT NULL DEFAULT 'pending',
  `created_at` timestamp NOT NULL DEFAULT current_timestamp(),
  `updated_at` timestamp NOT NULL DEFAULT current_timestamp() ON UPDATE current_timestamp(),
  PRIMARY KEY (`id`),
  UNIQUE KEY `uk_bookings_branch_code` (`branch_id`,`booking_code`),
  UNIQUE KEY `uk_bookings_branch_date_slot_staff` (`branch_id`,`booking_date`,`time_slot_id`,`staff_id`),
  KEY `idx_bookings_branch` (`branch_id`),
  KEY `idx_bookings_branch_date` (`branch_id`,`booking_date`),
  KEY `idx_bookings_staff_branch` (`staff_id`,`branch_id`),
  KEY `idx_bookings_branch_slot` (`branch_id`,`time_slot_id`)
) ENGINE=InnoDB AUTO_INCREMENT=340 DEFAULT CHARSET=utf8mb4 COLLATE=utf8mb4_unicode_ci;
/*!40101 SET character_set_client = @saved_cs_client */;

--
-- Dumping data for table `bookings`
--

LOCK TABLES `bookings` WRITE;
/*!40000 ALTER TABLE `bookings` DISABLE KEYS */;
INSERT INTO `bookings` VALUES (1,1,'BK20260410092793','สมชาย ใจดี','081-234-5678',NULL,'2026-04-10',16,6,NULL,'confirmed','2026-04-09 15:55:33','2026-04-09 15:55:33');
INSERT INTO `bookings` VALUES (2,2,'BK20260411525258','อภิชาติ มีสุข','089-765-4321',NULL,'2026-04-11',17,1,NULL,'confirmed','2026-04-09 15:57:23','2026-04-09 15:57:23');
INSERT INTO `bookings` VALUES (4,1,'BK20260410234634','ทดสอบ จอง','081-222-3333',NULL,'2026-04-10',16,7,NULL,'confirmed','2026-04-09 16:33:08','2026-04-09 16:33:08');
INSERT INTO `bookings` VALUES (5,1,'BK20260410111111','เต็มคิว 1','0901111111',NULL,'2026-04-10',16,8,NULL,'confirmed','2026-04-09 16:34:29','2026-04-09 16:34:29');
INSERT INTO `bookings` VALUES (6,1,'BK20260410222222','เต็มคิว 2','0902222222',NULL,'2026-04-10',16,9,NULL,'confirmed','2026-04-09 16:34:29','2026-04-09 16:34:29');
INSERT INTO `bookings` VALUES (7,1,'BK20260410333333','เต็มคิว 3','0903333333',NULL,'2026-04-10',16,10,NULL,'confirmed','2026-04-09 16:34:29','2026-04-09 16:34:29');
INSERT INTO `bookings` VALUES (8,2,'BK20260417000217','สมชาย ใจดี','081-234-5001',NULL,'2026-04-17',17,2,NULL,'completed','2026-04-17 15:28:14','2026-04-17 15:41:05');
INSERT INTO `bookings` VALUES (9,2,'BK20260417000219','สมหญิง รักเรียน','081-234-5002',NULL,'2026-04-17',19,2,NULL,'pending','2026-04-17 15:28:14','2026-04-17 15:41:05');
INSERT INTO `bookings` VALUES (10,2,'BK20260417000221','วิชัย พรหมา','081-555-1123',NULL,'2026-04-17',21,2,NULL,'confirmed','2026-04-17 15:28:14','2026-04-17 15:31:12');
INSERT INTO `bookings` VALUES (11,2,'BK20260417000223','ประภา ศรีสุข','082-678-9001',NULL,'2026-04-17',23,2,NULL,'completed','2026-04-17 15:28:14','2026-04-17 15:41:05');
INSERT INTO `bookings` VALUES (12,2,'BK20260417000317','นพดล มณีรัตน์','083-456-7890',NULL,'2026-04-17',17,3,NULL,'pending','2026-04-17 15:28:14','2026-04-17 15:41:05');
INSERT INTO `bookings` VALUES (13,2,'BK20260417000319','สุนิสา วงศ์ทอง','086-789-1234',NULL,'2026-04-17',19,3,NULL,'confirmed','2026-04-17 15:28:14','2026-04-17 15:31:12');
INSERT INTO `bookings` VALUES (14,2,'BK20260417000321','ชาญชัย เจริญสุข','089-123-4567',NULL,'2026-04-17',21,3,NULL,'completed','2026-04-17 15:28:14','2026-04-17 15:41:05');
INSERT INTO `bookings` VALUES (15,2,'BK20260417000323','อรทัย พงษ์ไทย','090-234-5678',NULL,'2026-04-17',23,3,NULL,'pending','2026-04-17 15:28:14','2026-04-17 15:41:05');
INSERT INTO `bookings` VALUES (16,2,'BK20260417000417','พิชัย ทองดี','091-345-6789',NULL,'2026-04-17',17,4,NULL,'confirmed','2026-04-17 15:28:14','2026-04-17 16:29:36');
INSERT INTO `bookings` VALUES (17,2,'BK20260417000419','นฤมล พัฒนา','092-456-7890',NULL,'2026-04-17',19,4,NULL,'completed','2026-04-17 15:28:14','2026-04-17 15:41:05');
INSERT INTO `bookings` VALUES (18,2,'BK20260417000421','ธนวัฒน์ สว่างใจ','093-567-8901',NULL,'2026-04-17',21,4,NULL,'pending','2026-04-17 15:28:14','2026-04-17 15:41:05');
INSERT INTO `bookings` VALUES (19,2,'BK20260417000423','ปิยะวรรณ ปัญญาดี','094-678-9012',NULL,'2026-04-17',23,4,NULL,'confirmed','2026-04-17 15:28:14','2026-04-17 15:31:12');
INSERT INTO `bookings` VALUES (20,2,'BK20260417000517','กิตติศักดิ์ บุญมี','095-789-0123',NULL,'2026-04-17',17,5,NULL,'completed','2026-04-17 15:28:14','2026-04-17 15:41:05');
INSERT INTO `bookings` VALUES (22,2,'BK20260417000521','อนุชา แสนดี','097-901-2345',NULL,'2026-04-17',21,5,NULL,'confirmed','2026-04-17 15:28:14','2026-04-17 15:31:12');
INSERT INTO `bookings` VALUES (23,2,'BK20260417000523','สุพรรณี เกียรติยศ','098-012-3456',NULL,'2026-04-17',23,5,NULL,'completed','2026-04-17 15:28:14','2026-04-17 15:41:05');
INSERT INTO `bookings` VALUES (24,1,'BK20260417000616','พงษ์ศักดิ์ ตันศิริ','099-123-4567',NULL,'2026-04-17',16,6,NULL,'pending','2026-04-17 15:28:14','2026-04-17 15:51:20');
INSERT INTO `bookings` VALUES (25,1,'BK20260417000618','มาลี ศรีจันทร์','061-234-5678',NULL,'2026-04-17',18,6,NULL,'pending','2026-04-17 15:28:14','2026-04-17 16:26:33');
INSERT INTO `bookings` VALUES (26,1,'BK20260417000620','ณัฐพล สุวรรณ','062-345-6789',NULL,'2026-04-17',20,6,NULL,'completed','2026-04-17 15:28:14','2026-04-17 16:26:38');
INSERT INTO `bookings` VALUES (27,1,'BK20260417000622','รัตนา ใจเย็น','063-456-7890',NULL,'2026-04-17',22,6,NULL,'pending','2026-04-17 15:28:14','2026-04-17 15:41:05');
INSERT INTO `bookings` VALUES (28,1,'BK20260417000716','ธีระพล อ่อนน้อม','064-567-8901',NULL,'2026-04-17',16,7,NULL,'pending','2026-04-17 15:28:14','2026-04-17 15:51:16');
INSERT INTO `bookings` VALUES (29,1,'BK20260417000718','ชลธิชา ดำรงศิลป์','065-678-9012',NULL,'2026-04-17',18,7,NULL,'completed','2026-04-17 15:28:14','2026-04-17 15:41:05');
INSERT INTO `bookings` VALUES (30,1,'BK20260417000720','วรพจน์ ทวีสุข','066-789-0123',NULL,'2026-04-17',20,7,NULL,'pending','2026-04-17 15:28:14','2026-04-17 15:41:05');
INSERT INTO `bookings` VALUES (31,1,'BK20260417000722','กาญจนา พานทอง','067-890-1234',NULL,'2026-04-17',22,7,NULL,'confirmed','2026-04-17 15:28:14','2026-04-17 15:31:12');
INSERT INTO `bookings` VALUES (32,1,'BK20260417000816','สุรชัย คำดี','068-901-2345',NULL,'2026-04-17',16,8,NULL,'completed','2026-04-17 15:28:14','2026-04-17 15:41:05');
INSERT INTO `bookings` VALUES (33,1,'BK20260417000818','ปรีดา อุดมผล','069-012-3456',NULL,'2026-04-17',18,8,NULL,'pending','2026-04-17 15:28:14','2026-04-17 15:41:05');
INSERT INTO `bookings` VALUES (34,1,'BK20260417000820','บุญเลิศ ปิ่นทอง','081-111-2222',NULL,'2026-04-17',20,8,NULL,'completed','2026-04-17 15:28:14','2026-04-17 15:53:16');
INSERT INTO `bookings` VALUES (35,1,'BK20260417000822','เกษม วัชระ','082-222-3333',NULL,'2026-04-17',22,8,NULL,'completed','2026-04-17 15:28:14','2026-04-17 15:41:05');
INSERT INTO `bookings` VALUES (37,1,'BK20260417000918','สมศรี จันทร์เพ็ญ','084-444-5555',NULL,'2026-04-17',18,9,NULL,'confirmed','2026-04-17 15:28:14','2026-04-17 15:31:12');
INSERT INTO `bookings` VALUES (38,1,'BK20260417000920','วันชัย ศรีสวัสดิ์','085-555-6666',NULL,'2026-04-17',20,9,NULL,'completed','2026-04-17 15:28:14','2026-04-17 15:41:05');
INSERT INTO `bookings` VALUES (39,1,'BK20260417000922','พรทิพย์ สว่างวงศ์','086-666-7777',NULL,'2026-04-17',22,9,NULL,'pending','2026-04-17 15:28:14','2026-04-17 15:41:05');
INSERT INTO `bookings` VALUES (40,1,'BK20260417001016','ชูศักดิ์ เผือกผ่อง','087-777-8888',NULL,'2026-04-17',16,10,NULL,'confirmed','2026-04-17 15:28:14','2026-04-17 15:31:12');
INSERT INTO `bookings` VALUES (41,1,'BK20260417001018','นภาพร แก้วใส','088-888-9999',NULL,'2026-04-17',18,10,NULL,'completed','2026-04-17 15:28:14','2026-04-17 16:15:14');
INSERT INTO `bookings` VALUES (42,1,'BK20260417001020','ศักดิ์ชัย สุขสันต์','089-989-8989',NULL,'2026-04-17',20,10,NULL,'pending','2026-04-17 15:28:14','2026-04-17 15:41:05');
INSERT INTO `bookings` VALUES (43,1,'BK20260417001022','จิราพร พิทักษ์สิน','090-090-0909',NULL,'2026-04-17',22,10,NULL,'confirmed','2026-04-17 15:28:14','2026-04-17 15:31:12');
INSERT INTO `bookings` VALUES (75,1,'BK20260420282519','A','0111',NULL,'2026-04-20',1,1,NULL,'pending','2026-04-17 16:42:54','2026-04-17 16:42:54');
INSERT INTO `bookings` VALUES (83,1,'BK20260418000616','ลูกค้า S001-16','0810060016',NULL,'2026-04-18',16,6,NULL,'confirmed','2026-04-17 17:06:32','2026-04-17 17:15:52');
INSERT INTO `bookings` VALUES (84,1,'BK20260418000716','ลูกค้า S002-16','0810070016',NULL,'2026-04-18',16,7,NULL,'confirmed','2026-04-17 17:06:32','2026-04-17 17:06:32');
INSERT INTO `bookings` VALUES (85,1,'BK20260418000816','ลูกค้า S003-16','0810080016',NULL,'2026-04-18',16,8,NULL,'confirmed','2026-04-17 17:06:32','2026-04-17 17:06:32');
INSERT INTO `bookings` VALUES (86,1,'BK20260418000916','ลูกค้า S004-16','0810090016',NULL,'2026-04-18',16,9,NULL,'confirmed','2026-04-17 17:06:32','2026-04-17 17:06:32');
INSERT INTO `bookings` VALUES (87,1,'BK20260418001016','ลูกค้า S005-16','0810100016',NULL,'2026-04-18',16,10,NULL,'confirmed','2026-04-17 17:06:32','2026-04-17 17:06:32');
INSERT INTO `bookings` VALUES (88,1,'BK20260418001116','ลูกค้า S006-16','0810110016',NULL,'2026-04-18',16,11,NULL,'confirmed','2026-04-17 17:06:32','2026-04-17 17:06:32');
INSERT INTO `bookings` VALUES (89,1,'BK20260418001316','ลูกค้า S007-16','0810130016',NULL,'2026-04-18',16,13,NULL,'confirmed','2026-04-17 17:06:32','2026-04-17 17:06:32');
INSERT INTO `bookings` VALUES (90,1,'BK20260418001516','ลูกค้า S008-16','0810150016',NULL,'2026-04-18',16,15,NULL,'confirmed','2026-04-17 17:06:32','2026-04-17 17:06:32');
INSERT INTO `bookings` VALUES (91,1,'BK20260418001716','ลูกค้า S009-16','0810170016',NULL,'2026-04-18',16,17,NULL,'confirmed','2026-04-17 17:06:32','2026-04-17 17:06:32');
INSERT INTO `bookings` VALUES (92,1,'BK20260418001916','ลูกค้า S010-16','0810190016',NULL,'2026-04-18',16,19,NULL,'confirmed','2026-04-17 17:06:32','2026-04-17 17:06:32');
INSERT INTO `bookings` VALUES (93,1,'BK20260418002116','ลูกค้า S011-16','0810210016',NULL,'2026-04-18',16,21,NULL,'confirmed','2026-04-17 17:06:32','2026-04-17 17:06:32');
INSERT INTO `bookings` VALUES (94,1,'BK20260418002316','ลูกค้า S012-16','0810230016',NULL,'2026-04-18',16,23,NULL,'confirmed','2026-04-17 17:06:32','2026-04-17 17:06:32');
INSERT INTO `bookings` VALUES (95,1,'BK20260418002516','ลูกค้า S013-16','0810250016',NULL,'2026-04-18',16,25,NULL,'confirmed','2026-04-17 17:06:32','2026-04-17 17:06:32');
INSERT INTO `bookings` VALUES (96,1,'BK20260418002716','ลูกค้า S014-16','0810270016',NULL,'2026-04-18',16,27,NULL,'confirmed','2026-04-17 17:06:32','2026-04-17 17:06:32');
INSERT INTO `bookings` VALUES (97,1,'BK20260418002916','ลูกค้า S015-16','0810290016',NULL,'2026-04-18',16,29,NULL,'confirmed','2026-04-17 17:06:32','2026-04-17 17:06:32');
INSERT INTO `bookings` VALUES (98,1,'BK20260418003116','ลูกค้า S016-16','0810310016',NULL,'2026-04-18',16,31,NULL,'confirmed','2026-04-17 17:06:32','2026-04-17 17:06:32');
INSERT INTO `bookings` VALUES (99,1,'BK20260418003316','ลูกค้า S017-16','0810330016',NULL,'2026-04-18',16,33,NULL,'confirmed','2026-04-17 17:06:32','2026-04-17 17:06:32');
INSERT INTO `bookings` VALUES (100,1,'BK20260418003516','ลูกค้า S018-16','0810350016',NULL,'2026-04-18',16,35,NULL,'confirmed','2026-04-17 17:06:32','2026-04-17 17:06:32');
INSERT INTO `bookings` VALUES (101,1,'BK20260418003716','ลูกค้า S019-16','0810370016',NULL,'2026-04-18',16,37,NULL,'confirmed','2026-04-17 17:06:32','2026-04-17 17:06:32');
INSERT INTO `bookings` VALUES (102,1,'BK20260418003916','ลูกค้า S020-16','0810390016',NULL,'2026-04-18',16,39,NULL,'confirmed','2026-04-17 17:06:32','2026-04-17 17:06:32');
INSERT INTO `bookings` VALUES (103,1,'BK20260418004116','ลูกค้า S021-16','0810410016',NULL,'2026-04-18',16,41,NULL,'confirmed','2026-04-17 17:06:32','2026-04-17 17:06:32');
INSERT INTO `bookings` VALUES (104,1,'BK20260418004316','ลูกค้า S022-16','0810430016',NULL,'2026-04-18',16,43,NULL,'confirmed','2026-04-17 17:06:32','2026-04-17 17:06:32');
INSERT INTO `bookings` VALUES (105,1,'BK20260418004516','ลูกค้า S023-16','0810450016',NULL,'2026-04-18',16,45,NULL,'confirmed','2026-04-17 17:06:32','2026-04-17 17:06:32');
INSERT INTO `bookings` VALUES (106,1,'BK20260418004716','ลูกค้า S024-16','0810470016',NULL,'2026-04-18',16,47,NULL,'confirmed','2026-04-17 17:06:32','2026-04-17 17:06:32');
INSERT INTO `bookings` VALUES (107,1,'BK20260418004916','ลูกค้า S025-16','0810490016',NULL,'2026-04-18',16,49,NULL,'confirmed','2026-04-17 17:06:32','2026-04-17 17:06:32');
INSERT INTO `bookings` VALUES (108,1,'BK20260418000618','ลูกค้า S001-18','0810060018',NULL,'2026-04-18',18,6,NULL,'confirmed','2026-04-17 17:06:32','2026-04-17 17:06:32');
INSERT INTO `bookings` VALUES (109,1,'BK20260418000718','ลูกค้า S002-18','0810070018',NULL,'2026-04-18',18,7,NULL,'confirmed','2026-04-17 17:06:32','2026-04-17 17:06:32');
INSERT INTO `bookings` VALUES (110,1,'BK20260418000818','ลูกค้า S003-18','0810080018',NULL,'2026-04-18',18,8,NULL,'confirmed','2026-04-17 17:06:32','2026-04-17 17:06:32');
INSERT INTO `bookings` VALUES (111,1,'BK20260418000918','ลูกค้า S004-18','0810090018',NULL,'2026-04-18',18,9,NULL,'confirmed','2026-04-17 17:06:32','2026-04-17 17:06:32');
INSERT INTO `bookings` VALUES (112,1,'BK20260418001018','ลูกค้า S005-18','0810100018',NULL,'2026-04-18',18,10,NULL,'confirmed','2026-04-17 17:06:32','2026-04-17 17:06:32');
INSERT INTO `bookings` VALUES (113,1,'BK20260418001118','ลูกค้า S006-18','0810110018',NULL,'2026-04-18',18,11,NULL,'confirmed','2026-04-17 17:06:32','2026-04-17 17:06:32');
INSERT INTO `bookings` VALUES (114,1,'BK20260418001318','ลูกค้า S007-18','0810130018',NULL,'2026-04-18',18,13,NULL,'confirmed','2026-04-17 17:06:32','2026-04-17 17:06:32');
INSERT INTO `bookings` VALUES (115,1,'BK20260418001518','ลูกค้า S008-18','0810150018',NULL,'2026-04-18',18,15,NULL,'confirmed','2026-04-17 17:06:32','2026-04-17 17:06:32');
INSERT INTO `bookings` VALUES (116,1,'BK20260418001718','ลูกค้า S009-18','0810170018',NULL,'2026-04-18',18,17,NULL,'confirmed','2026-04-17 17:06:32','2026-04-17 17:06:32');
INSERT INTO `bookings` VALUES (117,1,'BK20260418001918','ลูกค้า S010-18','0810190018',NULL,'2026-04-18',18,19,NULL,'confirmed','2026-04-17 17:06:32','2026-04-17 17:06:32');
INSERT INTO `bookings` VALUES (118,1,'BK20260418002118','ลูกค้า S011-18','0810210018',NULL,'2026-04-18',18,21,NULL,'confirmed','2026-04-17 17:06:32','2026-04-17 17:06:32');
INSERT INTO `bookings` VALUES (119,1,'BK20260418002318','ลูกค้า S012-18','0810230018',NULL,'2026-04-18',18,23,NULL,'confirmed','2026-04-17 17:06:32','2026-04-17 17:06:32');
INSERT INTO `bookings` VALUES (120,1,'BK20260418002518','ลูกค้า S013-18','0810250018',NULL,'2026-04-18',18,25,NULL,'confirmed','2026-04-17 17:06:32','2026-04-17 17:06:32');
INSERT INTO `bookings` VALUES (121,1,'BK20260418002718','ลูกค้า S014-18','0810270018',NULL,'2026-04-18',18,27,NULL,'confirmed','2026-04-17 17:06:32','2026-04-17 17:06:32');
INSERT INTO `bookings` VALUES (122,1,'BK20260418002918','ลูกค้า S015-18','0810290018',NULL,'2026-04-18',18,29,NULL,'confirmed','2026-04-17 17:06:32','2026-04-17 17:06:32');
INSERT INTO `bookings` VALUES (123,1,'BK20260418003118','ลูกค้า S016-18','0810310018',NULL,'2026-04-18',18,31,NULL,'confirmed','2026-04-17 17:06:32','2026-04-17 17:06:32');
INSERT INTO `bookings` VALUES (124,1,'BK20260418003318','ลูกค้า S017-18','0810330018',NULL,'2026-04-18',18,33,NULL,'confirmed','2026-04-17 17:06:32','2026-04-17 17:06:32');
INSERT INTO `bookings` VALUES (125,1,'BK20260418003518','ลูกค้า S018-18','0810350018',NULL,'2026-04-18',18,35,NULL,'confirmed','2026-04-17 17:06:32','2026-04-17 17:06:32');
INSERT INTO `bookings` VALUES (126,1,'BK20260418003718','ลูกค้า S019-18','0810370018',NULL,'2026-04-18',18,37,NULL,'confirmed','2026-04-17 17:06:32','2026-04-17 17:06:32');
INSERT INTO `bookings` VALUES (127,1,'BK20260418003918','ลูกค้า S020-18','0810390018',NULL,'2026-04-18',18,39,NULL,'confirmed','2026-04-17 17:06:32','2026-04-17 17:06:32');
INSERT INTO `bookings` VALUES (128,1,'BK20260418004118','ลูกค้า S021-18','0810410018',NULL,'2026-04-18',18,41,NULL,'confirmed','2026-04-17 17:06:32','2026-04-17 17:06:32');
INSERT INTO `bookings` VALUES (129,1,'BK20260418004318','ลูกค้า S022-18','0810430018',NULL,'2026-04-18',18,43,NULL,'confirmed','2026-04-17 17:06:32','2026-04-17 17:06:32');
INSERT INTO `bookings` VALUES (130,1,'BK20260418004518','ลูกค้า S023-18','0810450018',NULL,'2026-04-18',18,45,NULL,'confirmed','2026-04-17 17:06:32','2026-04-17 17:06:32');
INSERT INTO `bookings` VALUES (131,1,'BK20260418004718','ลูกค้า S024-18','0810470018',NULL,'2026-04-18',18,47,NULL,'confirmed','2026-04-17 17:06:32','2026-04-17 17:06:32');
INSERT INTO `bookings` VALUES (132,1,'BK20260418004918','ลูกค้า S025-18','0810490018',NULL,'2026-04-18',18,49,NULL,'confirmed','2026-04-17 17:06:32','2026-04-17 17:06:32');
INSERT INTO `bookings` VALUES (133,1,'BK20260418000620','ลูกค้า S001-20','0810060020',NULL,'2026-04-18',20,6,NULL,'confirmed','2026-04-17 17:06:32','2026-04-17 17:06:32');
INSERT INTO `bookings` VALUES (134,1,'BK20260418000720','ลูกค้า S002-20','0810070020',NULL,'2026-04-18',20,7,NULL,'completed','2026-04-17 17:06:32','2026-04-17 17:13:32');
INSERT INTO `bookings` VALUES (135,1,'BK20260418000820','ลูกค้า S003-20','0810080020',NULL,'2026-04-18',20,8,NULL,'confirmed','2026-04-17 17:06:32','2026-04-17 17:06:32');
INSERT INTO `bookings` VALUES (136,1,'BK20260418000920','ลูกค้า S004-20','0810090020',NULL,'2026-04-18',20,9,NULL,'confirmed','2026-04-17 17:06:32','2026-04-17 17:06:32');
INSERT INTO `bookings` VALUES (137,1,'BK20260418001020','ลูกค้า S005-20','0810100020',NULL,'2026-04-18',20,10,NULL,'confirmed','2026-04-17 17:06:32','2026-04-17 17:06:32');
INSERT INTO `bookings` VALUES (138,1,'BK20260418001120','ลูกค้า S006-20','0810110020',NULL,'2026-04-18',20,11,NULL,'confirmed','2026-04-17 17:06:32','2026-04-17 17:06:32');
INSERT INTO `bookings` VALUES (139,1,'BK20260418001320','ลูกค้า S007-20','0810130020',NULL,'2026-04-18',20,13,NULL,'confirmed','2026-04-17 17:06:32','2026-04-17 17:06:32');
INSERT INTO `bookings` VALUES (140,1,'BK20260418001520','ลูกค้า S008-20','0810150020',NULL,'2026-04-18',20,15,NULL,'confirmed','2026-04-17 17:06:32','2026-04-17 17:06:32');
INSERT INTO `bookings` VALUES (141,1,'BK20260418001720','ลูกค้า S009-20','0810170020',NULL,'2026-04-18',20,17,NULL,'confirmed','2026-04-17 17:06:32','2026-04-17 17:06:32');
INSERT INTO `bookings` VALUES (142,1,'BK20260418001920','ลูกค้า S010-20','0810190020',NULL,'2026-04-18',20,19,NULL,'confirmed','2026-04-17 17:06:32','2026-04-17 17:06:32');
INSERT INTO `bookings` VALUES (143,1,'BK20260418002120','ลูกค้า S011-20','0810210020',NULL,'2026-04-18',20,21,NULL,'confirmed','2026-04-17 17:06:32','2026-04-17 17:06:32');
INSERT INTO `bookings` VALUES (144,1,'BK20260418002320','ลูกค้า S012-20','0810230020',NULL,'2026-04-18',20,23,NULL,'confirmed','2026-04-17 17:06:32','2026-04-17 17:06:32');
INSERT INTO `bookings` VALUES (145,1,'BK20260418002520','ลูกค้า S013-20','0810250020',NULL,'2026-04-18',20,25,NULL,'confirmed','2026-04-17 17:06:32','2026-04-17 17:06:32');
INSERT INTO `bookings` VALUES (146,1,'BK20260418002720','ลูกค้า S014-20','0810270020',NULL,'2026-04-18',20,27,NULL,'confirmed','2026-04-17 17:06:32','2026-04-17 17:06:32');
INSERT INTO `bookings` VALUES (147,1,'BK20260418002920','ลูกค้า S015-20','0810290020',NULL,'2026-04-18',20,29,NULL,'confirmed','2026-04-17 17:06:32','2026-04-17 17:06:32');
INSERT INTO `bookings` VALUES (148,1,'BK20260418003120','ลูกค้า S016-20','0810310020',NULL,'2026-04-18',20,31,NULL,'confirmed','2026-04-17 17:06:32','2026-04-17 17:06:32');
INSERT INTO `bookings` VALUES (149,1,'BK20260418003320','ลูกค้า S017-20','0810330020',NULL,'2026-04-18',20,33,NULL,'confirmed','2026-04-17 17:06:32','2026-04-17 17:06:32');
INSERT INTO `bookings` VALUES (150,1,'BK20260418003520','ลูกค้า S018-20','0810350020',NULL,'2026-04-18',20,35,NULL,'confirmed','2026-04-17 17:06:32','2026-04-17 17:06:32');
INSERT INTO `bookings` VALUES (151,1,'BK20260418003720','ลูกค้า S019-20','0810370020',NULL,'2026-04-18',20,37,NULL,'confirmed','2026-04-17 17:06:32','2026-04-17 17:06:32');
INSERT INTO `bookings` VALUES (152,1,'BK20260418003920','ลูกค้า S020-20','0810390020',NULL,'2026-04-18',20,39,NULL,'confirmed','2026-04-17 17:06:32','2026-04-17 17:06:32');
INSERT INTO `bookings` VALUES (153,1,'BK20260418004120','ลูกค้า S021-20','0810410020',NULL,'2026-04-18',20,41,NULL,'confirmed','2026-04-17 17:06:32','2026-04-17 17:06:32');
INSERT INTO `bookings` VALUES (154,1,'BK20260418004320','ลูกค้า S022-20','0810430020',NULL,'2026-04-18',20,43,NULL,'confirmed','2026-04-17 17:06:32','2026-04-17 17:06:32');
INSERT INTO `bookings` VALUES (155,1,'BK20260418004520','ลูกค้า S023-20','0810450020',NULL,'2026-04-18',20,45,NULL,'confirmed','2026-04-17 17:06:32','2026-04-17 17:06:32');
INSERT INTO `bookings` VALUES (156,1,'BK20260418004720','ลูกค้า S024-20','0810470020',NULL,'2026-04-18',20,47,NULL,'confirmed','2026-04-17 17:06:32','2026-04-17 17:06:32');
INSERT INTO `bookings` VALUES (157,1,'BK20260418004920','ลูกค้า S025-20','0810490020',NULL,'2026-04-18',20,49,NULL,'confirmed','2026-04-17 17:06:32','2026-04-17 17:06:32');
INSERT INTO `bookings` VALUES (158,1,'BK20260418000622','ลูกค้า S001-22','0810060022',NULL,'2026-04-18',22,6,NULL,'confirmed','2026-04-17 17:06:32','2026-04-17 17:06:32');
INSERT INTO `bookings` VALUES (159,1,'BK20260418000722','ลูกค้า S002-22','0810070022',NULL,'2026-04-18',22,7,NULL,'completed','2026-04-17 17:06:32','2026-04-17 17:13:36');
INSERT INTO `bookings` VALUES (160,1,'BK20260418000822','ลูกค้า S003-22','0810080022',NULL,'2026-04-18',22,8,NULL,'confirmed','2026-04-17 17:06:32','2026-04-17 17:06:32');
INSERT INTO `bookings` VALUES (161,1,'BK20260418000922','ลูกค้า S004-22','0810090022',NULL,'2026-04-18',22,9,NULL,'confirmed','2026-04-17 17:06:32','2026-04-17 17:06:32');
INSERT INTO `bookings` VALUES (162,1,'BK20260418001022','ลูกค้า S005-22','0810100022',NULL,'2026-04-18',22,10,NULL,'confirmed','2026-04-17 17:06:32','2026-04-17 17:06:32');
INSERT INTO `bookings` VALUES (163,1,'BK20260418001122','ลูกค้า S006-22','0810110022',NULL,'2026-04-18',22,11,NULL,'confirmed','2026-04-17 17:06:32','2026-04-17 17:06:32');
INSERT INTO `bookings` VALUES (164,1,'BK20260418001322','ลูกค้า S007-22','0810130022',NULL,'2026-04-18',22,13,NULL,'confirmed','2026-04-17 17:06:32','2026-04-17 17:06:32');
INSERT INTO `bookings` VALUES (165,1,'BK20260418001522','ลูกค้า S008-22','0810150022',NULL,'2026-04-18',22,15,NULL,'confirmed','2026-04-17 17:06:32','2026-04-17 17:06:32');
INSERT INTO `bookings` VALUES (166,1,'BK20260418001722','ลูกค้า S009-22','0810170022',NULL,'2026-04-18',22,17,NULL,'confirmed','2026-04-17 17:06:32','2026-04-17 17:06:32');
INSERT INTO `bookings` VALUES (167,1,'BK20260418001922','ลูกค้า S010-22','0810190022',NULL,'2026-04-18',22,19,NULL,'confirmed','2026-04-17 17:06:32','2026-04-17 17:06:32');
INSERT INTO `bookings` VALUES (168,1,'BK20260418002122','ลูกค้า S011-22','0810210022',NULL,'2026-04-18',22,21,NULL,'confirmed','2026-04-17 17:06:32','2026-04-17 17:06:32');
INSERT INTO `bookings` VALUES (169,1,'BK20260418002322','ลูกค้า S012-22','0810230022',NULL,'2026-04-18',22,23,NULL,'confirmed','2026-04-17 17:06:32','2026-04-17 17:06:32');
INSERT INTO `bookings` VALUES (170,1,'BK20260418002522','ลูกค้า S013-22','0810250022',NULL,'2026-04-18',22,25,NULL,'confirmed','2026-04-17 17:06:32','2026-04-17 17:06:32');
INSERT INTO `bookings` VALUES (171,1,'BK20260418002722','ลูกค้า S014-22','0810270022',NULL,'2026-04-18',22,27,NULL,'confirmed','2026-04-17 17:06:32','2026-04-17 17:06:32');
INSERT INTO `bookings` VALUES (172,1,'BK20260418002922','ลูกค้า S015-22','0810290022',NULL,'2026-04-18',22,29,NULL,'confirmed','2026-04-17 17:06:32','2026-04-17 17:06:32');
INSERT INTO `bookings` VALUES (173,1,'BK20260418003122','ลูกค้า S016-22','0810310022',NULL,'2026-04-18',22,31,NULL,'confirmed','2026-04-17 17:06:32','2026-04-17 17:06:32');
INSERT INTO `bookings` VALUES (174,1,'BK20260418003322','ลูกค้า S017-22','0810330022',NULL,'2026-04-18',22,33,NULL,'confirmed','2026-04-17 17:06:32','2026-04-17 17:06:32');
INSERT INTO `bookings` VALUES (175,1,'BK20260418003522','ลูกค้า S018-22','0810350022',NULL,'2026-04-18',22,35,NULL,'confirmed','2026-04-17 17:06:32','2026-04-17 17:06:32');
INSERT INTO `bookings` VALUES (176,1,'BK20260418003722','ลูกค้า S019-22','0810370022',NULL,'2026-04-18',22,37,NULL,'confirmed','2026-04-17 17:06:32','2026-04-17 17:06:32');
INSERT INTO `bookings` VALUES (177,1,'BK20260418003922','ลูกค้า S020-22','0810390022',NULL,'2026-04-18',22,39,NULL,'confirmed','2026-04-17 17:06:32','2026-04-17 17:06:32');
INSERT INTO `bookings` VALUES (178,1,'BK20260418004122','ลูกค้า S021-22','0810410022',NULL,'2026-04-18',22,41,NULL,'confirmed','2026-04-17 17:06:32','2026-04-17 17:06:32');
INSERT INTO `bookings` VALUES (179,1,'BK20260418004322','ลูกค้า S022-22','0810430022',NULL,'2026-04-18',22,43,NULL,'confirmed','2026-04-17 17:06:32','2026-04-17 17:06:32');
INSERT INTO `bookings` VALUES (180,1,'BK20260418004522','ลูกค้า S023-22','0810450022',NULL,'2026-04-18',22,45,NULL,'confirmed','2026-04-17 17:06:32','2026-04-17 17:06:32');
INSERT INTO `bookings` VALUES (181,1,'BK20260418004722','ลูกค้า S024-22','0810470022',NULL,'2026-04-18',22,47,NULL,'confirmed','2026-04-17 17:06:32','2026-04-17 17:06:32');
INSERT INTO `bookings` VALUES (182,1,'BK20260418004922','ลูกค้า S025-22','0810490022',NULL,'2026-04-18',22,49,NULL,'confirmed','2026-04-17 17:06:32','2026-04-17 17:06:32');
INSERT INTO `bookings` VALUES (183,1,'BK20260418000624','ลูกค้า S001-24','0810060024',NULL,'2026-04-18',24,6,NULL,'confirmed','2026-04-17 17:06:32','2026-04-17 17:06:32');
INSERT INTO `bookings` VALUES (184,1,'BK20260418000724','ลูกค้า S002-24','0810070024',NULL,'2026-04-18',24,7,NULL,'confirmed','2026-04-17 17:06:32','2026-04-17 17:06:32');
INSERT INTO `bookings` VALUES (185,1,'BK20260418000824','ลูกค้า S003-24','0810080024',NULL,'2026-04-18',24,8,NULL,'confirmed','2026-04-17 17:06:32','2026-04-17 17:06:32');
INSERT INTO `bookings` VALUES (186,1,'BK20260418000924','ลูกค้า S004-24','0810090024',NULL,'2026-04-18',24,9,NULL,'confirmed','2026-04-17 17:06:32','2026-04-17 17:06:32');
INSERT INTO `bookings` VALUES (187,1,'BK20260418001024','ลูกค้า S005-24','0810100024',NULL,'2026-04-18',24,10,NULL,'confirmed','2026-04-17 17:06:32','2026-04-17 17:06:32');
INSERT INTO `bookings` VALUES (188,1,'BK20260418001124','ลูกค้า S006-24','0810110024',NULL,'2026-04-18',24,11,NULL,'confirmed','2026-04-17 17:06:32','2026-04-17 17:06:32');
INSERT INTO `bookings` VALUES (189,1,'BK20260418001324','ลูกค้า S007-24','0810130024',NULL,'2026-04-18',24,13,NULL,'confirmed','2026-04-17 17:06:32','2026-04-17 17:06:32');
INSERT INTO `bookings` VALUES (190,1,'BK20260418001524','ลูกค้า S008-24','0810150024',NULL,'2026-04-18',24,15,NULL,'confirmed','2026-04-17 17:06:32','2026-04-17 17:06:32');
INSERT INTO `bookings` VALUES (191,1,'BK20260418001724','ลูกค้า S009-24','0810170024',NULL,'2026-04-18',24,17,NULL,'confirmed','2026-04-17 17:06:32','2026-04-17 17:06:32');
INSERT INTO `bookings` VALUES (192,1,'BK20260418001924','ลูกค้า S010-24','0810190024',NULL,'2026-04-18',24,19,NULL,'confirmed','2026-04-17 17:06:32','2026-04-17 17:06:32');
INSERT INTO `bookings` VALUES (193,1,'BK20260418002124','ลูกค้า S011-24','0810210024',NULL,'2026-04-18',24,21,NULL,'confirmed','2026-04-17 17:06:32','2026-04-17 17:06:32');
INSERT INTO `bookings` VALUES (194,1,'BK20260418002324','ลูกค้า S012-24','0810230024',NULL,'2026-04-18',24,23,NULL,'confirmed','2026-04-17 17:06:32','2026-04-17 17:06:32');
INSERT INTO `bookings` VALUES (195,1,'BK20260418002524','ลูกค้า S013-24','0810250024',NULL,'2026-04-18',24,25,NULL,'confirmed','2026-04-17 17:06:32','2026-04-17 17:06:32');
INSERT INTO `bookings` VALUES (196,1,'BK20260418002724','ลูกค้า S014-24','0810270024',NULL,'2026-04-18',24,27,NULL,'confirmed','2026-04-17 17:06:32','2026-04-17 17:06:32');
INSERT INTO `bookings` VALUES (197,1,'BK20260418002924','ลูกค้า S015-24','0810290024',NULL,'2026-04-18',24,29,NULL,'confirmed','2026-04-17 17:06:32','2026-04-17 17:06:32');
INSERT INTO `bookings` VALUES (198,1,'BK20260418003124','ลูกค้า S016-24','0810310024',NULL,'2026-04-18',24,31,NULL,'confirmed','2026-04-17 17:06:32','2026-04-17 17:06:32');
INSERT INTO `bookings` VALUES (199,1,'BK20260418003324','ลูกค้า S017-24','0810330024',NULL,'2026-04-18',24,33,NULL,'confirmed','2026-04-17 17:06:32','2026-04-17 17:06:32');
INSERT INTO `bookings` VALUES (200,1,'BK20260418003524','ลูกค้า S018-24','0810350024',NULL,'2026-04-18',24,35,NULL,'confirmed','2026-04-17 17:06:32','2026-04-17 17:06:32');
INSERT INTO `bookings` VALUES (201,1,'BK20260418003724','ลูกค้า S019-24','0810370024',NULL,'2026-04-18',24,37,NULL,'confirmed','2026-04-17 17:06:32','2026-04-17 17:06:32');
INSERT INTO `bookings` VALUES (202,1,'BK20260418003924','ลูกค้า S020-24','0810390024',NULL,'2026-04-18',24,39,NULL,'confirmed','2026-04-17 17:06:32','2026-04-17 17:06:32');
INSERT INTO `bookings` VALUES (203,1,'BK20260418004124','ลูกค้า S021-24','0810410024',NULL,'2026-04-18',24,41,NULL,'confirmed','2026-04-17 17:06:32','2026-04-17 17:06:32');
INSERT INTO `bookings` VALUES (204,1,'BK20260418004324','ลูกค้า S022-24','0810430024',NULL,'2026-04-18',24,43,NULL,'confirmed','2026-04-17 17:06:32','2026-04-17 17:06:32');
INSERT INTO `bookings` VALUES (205,1,'BK20260418004524','ลูกค้า S023-24','0810450024',NULL,'2026-04-18',24,45,NULL,'confirmed','2026-04-17 17:06:32','2026-04-17 17:06:32');
INSERT INTO `bookings` VALUES (206,1,'BK20260418004724','ลูกค้า S024-24','0810470024',NULL,'2026-04-18',24,47,NULL,'confirmed','2026-04-17 17:06:32','2026-04-17 17:06:32');
INSERT INTO `bookings` VALUES (207,1,'BK20260418004924','ลูกค้า S025-24','0810490024',NULL,'2026-04-18',24,49,NULL,'confirmed','2026-04-17 17:06:32','2026-04-17 17:06:32');
INSERT INTO `bookings` VALUES (208,2,'BK20260418000217','ลูกค้า S002-17','0810020017',NULL,'2026-04-18',17,2,NULL,'confirmed','2026-04-17 17:06:32','2026-04-17 17:06:32');
INSERT INTO `bookings` VALUES (209,2,'BK20260418000317','ลูกค้า S003-17','0810030017',NULL,'2026-04-18',17,3,NULL,'confirmed','2026-04-17 17:06:32','2026-04-17 17:06:32');
INSERT INTO `bookings` VALUES (210,2,'BK20260418000417','ลูกค้า S004-17','0810040017',NULL,'2026-04-18',17,4,NULL,'confirmed','2026-04-17 17:06:32','2026-04-17 17:06:32');
INSERT INTO `bookings` VALUES (211,2,'BK20260418000517','ลูกค้า S005-17','0810050017',NULL,'2026-04-18',17,5,NULL,'confirmed','2026-04-17 17:06:32','2026-04-17 17:06:32');
INSERT INTO `bookings` VALUES (212,2,'BK20260418001217','ลูกค้า S006-17','0810120017',NULL,'2026-04-18',17,12,NULL,'confirmed','2026-04-17 17:06:32','2026-04-17 17:06:32');
INSERT INTO `bookings` VALUES (213,2,'BK20260418001417','ลูกค้า S007-17','0810140017',NULL,'2026-04-18',17,14,NULL,'confirmed','2026-04-17 17:06:32','2026-04-17 17:06:32');
INSERT INTO `bookings` VALUES (214,2,'BK20260418001617','ลูกค้า S008-17','0810160017',NULL,'2026-04-18',17,16,NULL,'confirmed','2026-04-17 17:06:32','2026-04-17 17:06:32');
INSERT INTO `bookings` VALUES (215,2,'BK20260418001817','ลูกค้า S009-17','0810180017',NULL,'2026-04-18',17,18,NULL,'confirmed','2026-04-17 17:06:32','2026-04-17 17:06:32');
INSERT INTO `bookings` VALUES (216,2,'BK20260418002017','ลูกค้า S010-17','0810200017',NULL,'2026-04-18',17,20,NULL,'confirmed','2026-04-17 17:06:32','2026-04-17 17:06:32');
INSERT INTO `bookings` VALUES (217,2,'BK20260418002217','ลูกค้า S011-17','0810220017',NULL,'2026-04-18',17,22,NULL,'confirmed','2026-04-17 17:06:32','2026-04-17 17:06:32');
INSERT INTO `bookings` VALUES (218,2,'BK20260418002417','ลูกค้า S012-17','0810240017',NULL,'2026-04-18',17,24,NULL,'confirmed','2026-04-17 17:06:32','2026-04-17 17:06:32');
INSERT INTO `bookings` VALUES (219,2,'BK20260418002617','ลูกค้า S013-17','0810260017',NULL,'2026-04-18',17,26,NULL,'confirmed','2026-04-17 17:06:32','2026-04-17 17:06:32');
INSERT INTO `bookings` VALUES (220,2,'BK20260418002817','ลูกค้า S014-17','0810280017',NULL,'2026-04-18',17,28,NULL,'confirmed','2026-04-17 17:06:32','2026-04-17 17:06:32');
INSERT INTO `bookings` VALUES (221,2,'BK20260418003017','ลูกค้า S015-17','0810300017',NULL,'2026-04-18',17,30,NULL,'confirmed','2026-04-17 17:06:32','2026-04-17 17:06:32');
INSERT INTO `bookings` VALUES (222,2,'BK20260418003217','ลูกค้า S016-17','0810320017',NULL,'2026-04-18',17,32,NULL,'confirmed','2026-04-17 17:06:32','2026-04-17 17:06:32');
INSERT INTO `bookings` VALUES (223,2,'BK20260418003417','ลูกค้า S017-17','0810340017',NULL,'2026-04-18',17,34,NULL,'confirmed','2026-04-17 17:06:32','2026-04-17 17:06:32');
INSERT INTO `bookings` VALUES (224,2,'BK20260418003617','ลูกค้า S018-17','0810360017',NULL,'2026-04-18',17,36,NULL,'confirmed','2026-04-17 17:06:32','2026-04-17 17:06:32');
INSERT INTO `bookings` VALUES (225,2,'BK20260418003817','ลูกค้า S019-17','0810380017',NULL,'2026-04-18',17,38,NULL,'confirmed','2026-04-17 17:06:32','2026-04-17 17:06:32');
INSERT INTO `bookings` VALUES (226,2,'BK20260418004017','ลูกค้า S020-17','0810400017',NULL,'2026-04-18',17,40,NULL,'confirmed','2026-04-17 17:06:32','2026-04-17 17:06:32');
INSERT INTO `bookings` VALUES (227,2,'BK20260418004217','ลูกค้า S021-17','0810420017',NULL,'2026-04-18',17,42,NULL,'confirmed','2026-04-17 17:06:32','2026-04-17 17:06:32');
INSERT INTO `bookings` VALUES (228,2,'BK20260418004417','ลูกค้า S022-17','0810440017',NULL,'2026-04-18',17,44,NULL,'confirmed','2026-04-17 17:06:32','2026-04-17 17:06:32');
INSERT INTO `bookings` VALUES (229,2,'BK20260418004617','ลูกค้า S023-17','0810460017',NULL,'2026-04-18',17,46,NULL,'confirmed','2026-04-17 17:06:32','2026-04-17 17:06:32');
INSERT INTO `bookings` VALUES (230,2,'BK20260418004817','ลูกค้า S024-17','0810480017',NULL,'2026-04-18',17,48,NULL,'confirmed','2026-04-17 17:06:32','2026-04-17 17:06:32');
INSERT INTO `bookings` VALUES (231,2,'BK20260418005017','ลูกค้า S025-17','0810500017',NULL,'2026-04-18',17,50,NULL,'confirmed','2026-04-17 17:06:32','2026-04-17 17:06:32');
INSERT INTO `bookings` VALUES (232,2,'BK20260418007417','ลูกค้า S026-17','0810740017',NULL,'2026-04-18',17,74,NULL,'confirmed','2026-04-17 17:06:32','2026-04-17 17:06:32');
INSERT INTO `bookings` VALUES (233,2,'BK20260418000219','ลูกค้า S002-19','0810020019',NULL,'2026-04-18',19,2,NULL,'confirmed','2026-04-17 17:06:32','2026-04-17 17:06:32');
INSERT INTO `bookings` VALUES (234,2,'BK20260418000319','ลูกค้า S003-19','0810030019',NULL,'2026-04-18',19,3,NULL,'completed','2026-04-17 17:06:32','2026-04-17 17:48:21');
INSERT INTO `bookings` VALUES (235,2,'BK20260418000419','ลูกค้า S004-19','0810040019',NULL,'2026-04-18',19,4,NULL,'completed','2026-04-17 17:06:32','2026-04-17 17:48:18');
INSERT INTO `bookings` VALUES (236,2,'BK20260418000519','ลูกค้า S005-19','0810050019',NULL,'2026-04-18',19,5,NULL,'confirmed','2026-04-17 17:06:32','2026-04-17 17:06:32');
INSERT INTO `bookings` VALUES (237,2,'BK20260418001219','ลูกค้า S006-19','0810120019',NULL,'2026-04-18',19,12,NULL,'confirmed','2026-04-17 17:06:32','2026-04-17 17:06:32');
INSERT INTO `bookings` VALUES (238,2,'BK20260418001419','ลูกค้า S007-19','0810140019',NULL,'2026-04-18',19,14,NULL,'confirmed','2026-04-17 17:06:32','2026-04-17 17:06:32');
INSERT INTO `bookings` VALUES (239,2,'BK20260418001619','ลูกค้า S008-19','0810160019',NULL,'2026-04-18',19,16,NULL,'confirmed','2026-04-17 17:06:32','2026-04-17 17:06:32');
INSERT INTO `bookings` VALUES (240,2,'BK20260418001819','ลูกค้า S009-19','0810180019',NULL,'2026-04-18',19,18,NULL,'confirmed','2026-04-17 17:06:32','2026-04-17 17:06:32');
INSERT INTO `bookings` VALUES (241,2,'BK20260418002019','ลูกค้า S010-19','0810200019',NULL,'2026-04-18',19,20,NULL,'confirmed','2026-04-17 17:06:32','2026-04-17 17:06:32');
INSERT INTO `bookings` VALUES (242,2,'BK20260418002219','ลูกค้า S011-19','0810220019',NULL,'2026-04-18',19,22,NULL,'confirmed','2026-04-17 17:06:32','2026-04-17 17:06:32');
INSERT INTO `bookings` VALUES (243,2,'BK20260418002419','ลูกค้า S012-19','0810240019',NULL,'2026-04-18',19,24,NULL,'confirmed','2026-04-17 17:06:32','2026-04-17 17:06:32');
INSERT INTO `bookings` VALUES (244,2,'BK20260418002619','ลูกค้า S013-19','0810260019',NULL,'2026-04-18',19,26,NULL,'confirmed','2026-04-17 17:06:32','2026-04-17 17:06:32');
INSERT INTO `bookings` VALUES (245,2,'BK20260418002819','ลูกค้า S014-19','0810280019',NULL,'2026-04-18',19,28,NULL,'confirmed','2026-04-17 17:06:32','2026-04-17 17:06:32');
INSERT INTO `bookings` VALUES (246,2,'BK20260418003019','ลูกค้า S015-19','0810300019',NULL,'2026-04-18',19,30,NULL,'confirmed','2026-04-17 17:06:32','2026-04-17 17:06:32');
INSERT INTO `bookings` VALUES (247,2,'BK20260418003219','ลูกค้า S016-19','0810320019',NULL,'2026-04-18',19,32,NULL,'confirmed','2026-04-17 17:06:32','2026-04-17 17:06:32');
INSERT INTO `bookings` VALUES (248,2,'BK20260418003419','ลูกค้า S017-19','0810340019',NULL,'2026-04-18',19,34,NULL,'confirmed','2026-04-17 17:06:32','2026-04-17 17:06:32');
INSERT INTO `bookings` VALUES (249,2,'BK20260418003619','ลูกค้า S018-19','0810360019',NULL,'2026-04-18',19,36,NULL,'confirmed','2026-04-17 17:06:32','2026-04-17 17:06:32');
INSERT INTO `bookings` VALUES (250,2,'BK20260418003819','ลูกค้า S019-19','0810380019',NULL,'2026-04-18',19,38,NULL,'confirmed','2026-04-17 17:06:32','2026-04-17 17:06:32');
INSERT INTO `bookings` VALUES (251,2,'BK20260418004019','ลูกค้า S020-19','0810400019',NULL,'2026-04-18',19,40,NULL,'confirmed','2026-04-17 17:06:32','2026-04-17 17:06:32');
INSERT INTO `bookings` VALUES (252,2,'BK20260418004219','ลูกค้า S021-19','0810420019',NULL,'2026-04-18',19,42,NULL,'confirmed','2026-04-17 17:06:32','2026-04-17 17:06:32');
INSERT INTO `bookings` VALUES (253,2,'BK20260418004419','ลูกค้า S022-19','0810440019',NULL,'2026-04-18',19,44,NULL,'confirmed','2026-04-17 17:06:32','2026-04-17 17:06:32');
INSERT INTO `bookings` VALUES (254,2,'BK20260418004619','ลูกค้า S023-19','0810460019',NULL,'2026-04-18',19,46,NULL,'confirmed','2026-04-17 17:06:32','2026-04-17 17:06:32');
INSERT INTO `bookings` VALUES (255,2,'BK20260418004819','ลูกค้า S024-19','0810480019',NULL,'2026-04-18',19,48,NULL,'confirmed','2026-04-17 17:06:32','2026-04-17 17:06:32');
INSERT INTO `bookings` VALUES (256,2,'BK20260418005019','ลูกค้า S025-19','0810500019',NULL,'2026-04-18',19,50,NULL,'confirmed','2026-04-17 17:06:32','2026-04-17 17:06:32');
INSERT INTO `bookings` VALUES (257,2,'BK20260418007419','ลูกค้า S026-19','0810740019',NULL,'2026-04-18',19,74,NULL,'confirmed','2026-04-17 17:06:32','2026-04-17 17:06:32');
INSERT INTO `bookings` VALUES (258,2,'BK20260418000221','ลูกค้า S002-21','0810020021',NULL,'2026-04-18',21,2,NULL,'confirmed','2026-04-17 17:06:32','2026-04-17 17:06:32');
INSERT INTO `bookings` VALUES (259,2,'BK20260418000321','ลูกค้า S003-21','0810030021',NULL,'2026-04-18',21,3,NULL,'confirmed','2026-04-17 17:06:32','2026-04-17 17:06:32');
INSERT INTO `bookings` VALUES (260,2,'BK20260418000421','ลูกค้า S004-21','0810040021',NULL,'2026-04-18',21,4,NULL,'confirmed','2026-04-17 17:06:32','2026-04-17 17:06:32');
INSERT INTO `bookings` VALUES (261,2,'BK20260418000521','ลูกค้า S005-21','0810050021',NULL,'2026-04-18',21,5,NULL,'confirmed','2026-04-17 17:06:32','2026-04-17 17:06:32');
INSERT INTO `bookings` VALUES (262,2,'BK20260418001221','ลูกค้า S006-21','0810120021',NULL,'2026-04-18',21,12,NULL,'confirmed','2026-04-17 17:06:32','2026-04-17 17:06:32');
INSERT INTO `bookings` VALUES (263,2,'BK20260418001421','ลูกค้า S007-21','0810140021',NULL,'2026-04-18',21,14,NULL,'confirmed','2026-04-17 17:06:32','2026-04-17 17:06:32');
INSERT INTO `bookings` VALUES (264,2,'BK20260418001621','ลูกค้า S008-21','0810160021',NULL,'2026-04-18',21,16,NULL,'confirmed','2026-04-17 17:06:32','2026-04-17 17:06:32');
INSERT INTO `bookings` VALUES (265,2,'BK20260418001821','ลูกค้า S009-21','0810180021',NULL,'2026-04-18',21,18,NULL,'confirmed','2026-04-17 17:06:32','2026-04-17 17:06:32');
INSERT INTO `bookings` VALUES (266,2,'BK20260418002021','ลูกค้า S010-21','0810200021',NULL,'2026-04-18',21,20,NULL,'confirmed','2026-04-17 17:06:32','2026-04-17 17:06:32');
INSERT INTO `bookings` VALUES (267,2,'BK20260418002221','ลูกค้า S011-21','0810220021',NULL,'2026-04-18',21,22,NULL,'confirmed','2026-04-17 17:06:32','2026-04-17 17:06:32');
INSERT INTO `bookings` VALUES (268,2,'BK20260418002421','ลูกค้า S012-21','0810240021',NULL,'2026-04-18',21,24,NULL,'confirmed','2026-04-17 17:06:32','2026-04-17 17:06:32');
INSERT INTO `bookings` VALUES (269,2,'BK20260418002621','ลูกค้า S013-21','0810260021',NULL,'2026-04-18',21,26,NULL,'confirmed','2026-04-17 17:06:32','2026-04-17 17:06:32');
INSERT INTO `bookings` VALUES (270,2,'BK20260418002821','ลูกค้า S014-21','0810280021',NULL,'2026-04-18',21,28,NULL,'confirmed','2026-04-17 17:06:32','2026-04-17 17:06:32');
INSERT INTO `bookings` VALUES (271,2,'BK20260418003021','ลูกค้า S015-21','0810300021',NULL,'2026-04-18',21,30,NULL,'confirmed','2026-04-17 17:06:32','2026-04-17 17:06:32');
INSERT INTO `bookings` VALUES (272,2,'BK20260418003221','ลูกค้า S016-21','0810320021',NULL,'2026-04-18',21,32,NULL,'confirmed','2026-04-17 17:06:32','2026-04-17 17:06:32');
INSERT INTO `bookings` VALUES (273,2,'BK20260418003421','ลูกค้า S017-21','0810340021',NULL,'2026-04-18',21,34,NULL,'confirmed','2026-04-17 17:06:32','2026-04-17 17:06:32');
INSERT INTO `bookings` VALUES (274,2,'BK20260418003621','ลูกค้า S018-21','0810360021',NULL,'2026-04-18',21,36,NULL,'confirmed','2026-04-17 17:06:32','2026-04-17 17:06:32');
INSERT INTO `bookings` VALUES (275,2,'BK20260418003821','ลูกค้า S019-21','0810380021',NULL,'2026-04-18',21,38,NULL,'confirmed','2026-04-17 17:06:32','2026-04-17 17:06:32');
INSERT INTO `bookings` VALUES (276,2,'BK20260418004021','ลูกค้า S020-21','0810400021',NULL,'2026-04-18',21,40,NULL,'confirmed','2026-04-17 17:06:32','2026-04-17 17:06:32');
INSERT INTO `bookings` VALUES (277,2,'BK20260418004221','ลูกค้า S021-21','0810420021',NULL,'2026-04-18',21,42,NULL,'confirmed','2026-04-17 17:06:32','2026-04-17 17:06:32');
INSERT INTO `bookings` VALUES (278,2,'BK20260418004421','ลูกค้า S022-21','0810440021',NULL,'2026-04-18',21,44,NULL,'confirmed','2026-04-17 17:06:32','2026-04-17 17:06:32');
INSERT INTO `bookings` VALUES (279,2,'BK20260418004621','ลูกค้า S023-21','0810460021',NULL,'2026-04-18',21,46,NULL,'confirmed','2026-04-17 17:06:32','2026-04-17 17:06:32');
INSERT INTO `bookings` VALUES (280,2,'BK20260418004821','ลูกค้า S024-21','0810480021',NULL,'2026-04-18',21,48,NULL,'confirmed','2026-04-17 17:06:32','2026-04-17 17:06:32');
INSERT INTO `bookings` VALUES (281,2,'BK20260418005021','ลูกค้า S025-21','0810500021',NULL,'2026-04-18',21,50,NULL,'confirmed','2026-04-17 17:06:32','2026-04-17 17:06:32');
INSERT INTO `bookings` VALUES (282,2,'BK20260418007421','ลูกค้า S026-21','0810740021',NULL,'2026-04-18',21,74,NULL,'confirmed','2026-04-17 17:06:32','2026-04-17 17:06:32');
INSERT INTO `bookings` VALUES (283,2,'BK20260418000223','ลูกค้า S002-23','0810020023',NULL,'2026-04-18',23,2,NULL,'confirmed','2026-04-17 17:06:32','2026-04-17 17:06:32');
INSERT INTO `bookings` VALUES (284,2,'BK20260418000323','ลูกค้า S003-23','0810030023',NULL,'2026-04-18',23,3,NULL,'confirmed','2026-04-17 17:06:32','2026-04-17 17:06:32');
INSERT INTO `bookings` VALUES (285,2,'BK20260418000423','ลูกค้า S004-23','0810040023',NULL,'2026-04-18',23,4,NULL,'confirmed','2026-04-17 17:06:32','2026-04-17 17:06:32');
INSERT INTO `bookings` VALUES (286,2,'BK20260418000523','ลูกค้า S005-23','0810050023',NULL,'2026-04-18',23,5,NULL,'confirmed','2026-04-17 17:06:32','2026-04-17 17:06:32');
INSERT INTO `bookings` VALUES (287,2,'BK20260418001223','ลูกค้า S006-23','0810120023',NULL,'2026-04-18',23,12,NULL,'confirmed','2026-04-17 17:06:32','2026-04-17 17:06:32');
INSERT INTO `bookings` VALUES (288,2,'BK20260418001423','ลูกค้า S007-23','0810140023',NULL,'2026-04-18',23,14,NULL,'confirmed','2026-04-17 17:06:32','2026-04-17 17:06:32');
INSERT INTO `bookings` VALUES (289,2,'BK20260418001623','ลูกค้า S008-23','0810160023',NULL,'2026-04-18',23,16,NULL,'confirmed','2026-04-17 17:06:32','2026-04-17 17:06:32');
INSERT INTO `bookings` VALUES (290,2,'BK20260418001823','ลูกค้า S009-23','0810180023',NULL,'2026-04-18',23,18,NULL,'confirmed','2026-04-17 17:06:32','2026-04-17 17:06:32');
INSERT INTO `bookings` VALUES (291,2,'BK20260418002023','ลูกค้า S010-23','0810200023',NULL,'2026-04-18',23,20,NULL,'confirmed','2026-04-17 17:06:32','2026-04-17 17:06:32');
INSERT INTO `bookings` VALUES (292,2,'BK20260418002223','ลูกค้า S011-23','0810220023',NULL,'2026-04-18',23,22,NULL,'confirmed','2026-04-17 17:06:32','2026-04-17 17:06:32');
INSERT INTO `bookings` VALUES (293,2,'BK20260418002423','ลูกค้า S012-23','0810240023',NULL,'2026-04-18',23,24,NULL,'confirmed','2026-04-17 17:06:32','2026-04-17 17:06:32');
INSERT INTO `bookings` VALUES (294,2,'BK20260418002623','ลูกค้า S013-23','0810260023',NULL,'2026-04-18',23,26,NULL,'confirmed','2026-04-17 17:06:32','2026-04-17 17:06:32');
INSERT INTO `bookings` VALUES (295,2,'BK20260418002823','ลูกค้า S014-23','0810280023',NULL,'2026-04-18',23,28,NULL,'confirmed','2026-04-17 17:06:32','2026-04-17 17:06:32');
INSERT INTO `bookings` VALUES (296,2,'BK20260418003023','ลูกค้า S015-23','0810300023',NULL,'2026-04-18',23,30,NULL,'confirmed','2026-04-17 17:06:32','2026-04-17 17:06:32');
INSERT INTO `bookings` VALUES (297,2,'BK20260418003223','ลูกค้า S016-23','0810320023',NULL,'2026-04-18',23,32,NULL,'confirmed','2026-04-17 17:06:32','2026-04-17 17:06:32');
INSERT INTO `bookings` VALUES (298,2,'BK20260418003423','ลูกค้า S017-23','0810340023',NULL,'2026-04-18',23,34,NULL,'confirmed','2026-04-17 17:06:32','2026-04-17 17:06:32');
INSERT INTO `bookings` VALUES (299,2,'BK20260418003623','ลูกค้า S018-23','0810360023',NULL,'2026-04-18',23,36,NULL,'confirmed','2026-04-17 17:06:32','2026-04-17 17:06:32');
INSERT INTO `bookings` VALUES (300,2,'BK20260418003823','ลูกค้า S019-23','0810380023',NULL,'2026-04-18',23,38,NULL,'confirmed','2026-04-17 17:06:32','2026-04-17 17:06:32');
INSERT INTO `bookings` VALUES (301,2,'BK20260418004023','ลูกค้า S020-23','0810400023',NULL,'2026-04-18',23,40,NULL,'confirmed','2026-04-17 17:06:32','2026-04-17 17:06:32');
INSERT INTO `bookings` VALUES (302,2,'BK20260418004223','ลูกค้า S021-23','0810420023',NULL,'2026-04-18',23,42,NULL,'confirmed','2026-04-17 17:06:32','2026-04-17 17:06:32');
INSERT INTO `bookings` VALUES (303,2,'BK20260418004423','ลูกค้า S022-23','0810440023',NULL,'2026-04-18',23,44,NULL,'confirmed','2026-04-17 17:06:32','2026-04-17 17:06:32');
INSERT INTO `bookings` VALUES (304,2,'BK20260418004623','ลูกค้า S023-23','0810460023',NULL,'2026-04-18',23,46,NULL,'confirmed','2026-04-17 17:06:32','2026-04-17 17:06:32');
INSERT INTO `bookings` VALUES (305,2,'BK20260418004823','ลูกค้า S024-23','0810480023',NULL,'2026-04-18',23,48,NULL,'confirmed','2026-04-17 17:06:32','2026-04-17 17:06:32');
INSERT INTO `bookings` VALUES (306,2,'BK20260418005023','ลูกค้า S025-23','0810500023',NULL,'2026-04-18',23,50,NULL,'confirmed','2026-04-17 17:06:32','2026-04-17 17:06:32');
INSERT INTO `bookings` VALUES (307,2,'BK20260418007423','ลูกค้า S026-23','0810740023',NULL,'2026-04-18',23,74,NULL,'confirmed','2026-04-17 17:06:32','2026-04-17 17:06:32');
/*!40000 ALTER TABLE `bookings` ENABLE KEYS */;
UNLOCK TABLES;

--
-- Table structure for table `bookings_delete`
--

DROP TABLE IF EXISTS `bookings_delete`;
/*!40101 SET @saved_cs_client     = @@character_set_client */;
/*!40101 SET character_set_client = utf8mb4 */;
CREATE TABLE `bookings_delete` (
  `id` bigint(20) unsigned NOT NULL AUTO_INCREMENT,
  `branch_id` int(10) unsigned NOT NULL,
  `booking_code` varchar(30) NOT NULL,
  `customer_name` varchar(150) NOT NULL,
  `customer_phone` varchar(20) NOT NULL,
  `line_id` varchar(100) DEFAULT NULL,
  `booking_date` date NOT NULL,
  `time_slot_id` int(10) unsigned NOT NULL,
  `staff_id` int(10) unsigned NOT NULL,
  `notes` text DEFAULT NULL,
  `booking_status` enum('pending','confirmed','completed') NOT NULL DEFAULT 'pending',
  `created_at` timestamp NOT NULL DEFAULT current_timestamp(),
  `updated_at` timestamp NOT NULL DEFAULT current_timestamp() ON UPDATE current_timestamp(),
  `delete_by` varchar(100) DEFAULT NULL,
  `delete_note` text DEFAULT NULL,
  `delete_date_time` datetime DEFAULT current_timestamp(),
  PRIMARY KEY (`id`),
  UNIQUE KEY `uk_bookings_branch_code` (`branch_id`,`booking_code`),
  UNIQUE KEY `uk_bookings_branch_date_slot_staff` (`branch_id`,`booking_date`,`time_slot_id`,`staff_id`),
  KEY `idx_bookings_branch` (`branch_id`),
  KEY `idx_bookings_branch_date` (`branch_id`,`booking_date`),
  KEY `idx_bookings_staff_branch` (`staff_id`,`branch_id`),
  KEY `idx_bookings_branch_slot` (`branch_id`,`time_slot_id`)
) ENGINE=InnoDB AUTO_INCREMENT=83 DEFAULT CHARSET=utf8mb4 COLLATE=utf8mb4_unicode_ci;
/*!40101 SET character_set_client = @saved_cs_client */;

--
-- Dumping data for table `bookings_delete`
--

LOCK TABLES `bookings_delete` WRITE;
/*!40000 ALTER TABLE `bookings_delete` DISABLE KEYS */;
INSERT INTO `bookings_delete` VALUES (21,2,'BK20260417000519','ศิริพร รุ่งเรือง','096-890-1234',NULL,'2026-04-17',19,5,NULL,'pending','2026-04-17 15:28:14','2026-04-17 15:41:05','admin',NULL,'2026-04-17 23:26:54');
INSERT INTO `bookings_delete` VALUES (73,1,'BK20260417919582','หหห','หหหห',NULL,'2026-04-17',16,9,NULL,'completed','2026-04-17 16:14:13','2026-04-17 16:14:17','admin',NULL,'2026-04-17 23:15:22');
INSERT INTO `bookings_delete` VALUES (74,1,'BK20260420854895','ทดสอบ Playwright','0812345678',NULL,'2026-04-20',16,6,NULL,'completed','2026-04-17 16:40:51','2026-04-17 16:41:24','admin','ทดสอบลบโดย Playwright','2026-04-17 23:42:29');
INSERT INTO `bookings_delete` VALUES (79,1,'BK20260425001441','ลูกค้า เอ','081-111-1111',NULL,'2026-04-25',16,6,NULL,'confirmed','2026-04-17 16:47:29','2026-04-17 16:47:29','admin','cleanup test data','2026-04-17 23:49:48');
INSERT INTO `bookings_delete` VALUES (81,1,'BK20260425914141','แอดมินสร้าง','0844444444',NULL,'2026-04-25',16,7,NULL,'confirmed','2026-04-17 16:48:33','2026-04-17 16:48:33','admin','cleanup','2026-04-17 23:50:32');
INSERT INTO `bookings_delete` VALUES (82,1,'BK20260426349356','ทดสอบวันที่','081-234-5678',NULL,'2026-04-26',16,6,NULL,'pending','2026-04-17 16:58:34','2026-04-17 16:58:34','admin','cleanup','2026-04-17 23:59:29');
/*!40000 ALTER TABLE `bookings_delete` ENABLE KEYS */;
UNLOCK TABLES;

--
-- Table structure for table `branches`
--

DROP TABLE IF EXISTS `branches`;
/*!40101 SET @saved_cs_client     = @@character_set_client */;
/*!40101 SET character_set_client = utf8mb4 */;
CREATE TABLE `branches` (
  `id` int(10) unsigned NOT NULL AUTO_INCREMENT,
  `name` varchar(150) NOT NULL,
  `location_detail` varchar(255) DEFAULT NULL,
  `opening_hours` varchar(100) DEFAULT NULL,
  `coordinates` varchar(255) DEFAULT NULL,
  `is_active` tinyint(1) NOT NULL DEFAULT 1,
  PRIMARY KEY (`id`)
) ENGINE=InnoDB AUTO_INCREMENT=3 DEFAULT CHARSET=utf8mb4 COLLATE=utf8mb4_unicode_ci;
/*!40101 SET character_set_client = @saved_cs_client */;

--
-- Dumping data for table `branches`
--

LOCK TABLES `branches` WRITE;
/*!40000 ALTER TABLE `branches` DISABLE KEYS */;
INSERT INTO `branches` VALUES (1,'สาขาสยาม','โซนสยามสแควร์ ใกล้ BTS สยาม','ทุกวัน 08:30-20:00','13.7466,100.5347',1);
INSERT INTO `branches` VALUES (2,'สาขาอโศก','โซนอโศกมนตรี ใกล้ BTS อโศก / MRT สุขุมวิท','ทุกวัน 08:30-20:00','13.7376,100.5600',1);
/*!40000 ALTER TABLE `branches` ENABLE KEYS */;
UNLOCK TABLES;

--
-- Table structure for table `staff`
--

DROP TABLE IF EXISTS `staff`;
/*!40101 SET @saved_cs_client     = @@character_set_client */;
/*!40101 SET character_set_client = utf8mb4 */;
CREATE TABLE `staff` (
  `id` int(10) unsigned NOT NULL AUTO_INCREMENT,
  `branch_id` int(10) unsigned NOT NULL,
  `staff_code` varchar(20) NOT NULL,
  `full_name` varchar(150) NOT NULL,
  `phone` varchar(20) DEFAULT NULL,
  `photo_path` varchar(255) DEFAULT NULL,
  `skill_note` varchar(255) DEFAULT NULL,
  `status` enum('active','inactive') NOT NULL DEFAULT 'active',
  `created_at` timestamp NOT NULL DEFAULT current_timestamp(),
  `updated_at` timestamp NOT NULL DEFAULT current_timestamp() ON UPDATE current_timestamp(),
  PRIMARY KEY (`id`),
  UNIQUE KEY `uk_staff_branch_code` (`branch_id`,`staff_code`),
  KEY `idx_staff_branch` (`branch_id`),
  KEY `idx_staff_id_branch` (`id`,`branch_id`)
) ENGINE=InnoDB AUTO_INCREMENT=75 DEFAULT CHARSET=utf8mb4 COLLATE=utf8mb4_unicode_ci;
/*!40101 SET character_set_client = @saved_cs_client */;

--
-- Dumping data for table `staff`
--

LOCK TABLES `staff` WRITE;
/*!40000 ALTER TABLE `staff` DISABLE KEYS */;
INSERT INTO `staff` VALUES (1,2,'S001','กมลวรรณ ทองดี','0811111111',NULL,'นวดไทย','inactive','2026-04-09 14:35:24','2026-04-17 13:25:41');
INSERT INTO `staff` VALUES (2,2,'S002','ศิริพร แก้วใส','0822222222',NULL,'นวดน้ำมัน','active','2026-04-09 14:35:24','2026-04-09 14:35:24');
INSERT INTO `staff` VALUES (3,2,'S003','พัชรี รุ่งเรือง','0833333333',NULL,'นวดคอ บ่า ไหล่','active','2026-04-09 14:35:24','2026-04-09 14:35:24');
INSERT INTO `staff` VALUES (4,2,'S004','วราภรณ์ ใจดี','0844444444',NULL,'นวดเท้า','active','2026-04-09 14:35:24','2026-04-09 14:35:24');
INSERT INTO `staff` VALUES (5,2,'S005','นันทิยา แสงทอง','0855555555',NULL,'นวดประคบสมุนไพร','active','2026-04-09 14:35:24','2026-04-09 14:35:24');
INSERT INTO `staff` VALUES (6,1,'S001','ชลธิชา บุญมา','0866666666',NULL,'นวดไทย','active','2026-04-09 14:35:24','2026-04-09 14:35:24');
INSERT INTO `staff` VALUES (7,1,'S002','กาญจนา พรมดี','0877777777',NULL,'นวดน้ำมัน','active','2026-04-09 14:35:24','2026-04-09 14:35:24');
INSERT INTO `staff` VALUES (8,1,'S003','สุภาวดี มีสุข','0888888888',NULL,'นวดคอ บ่า ไหล่','active','2026-04-09 14:35:24','2026-04-09 14:35:24');
INSERT INTO `staff` VALUES (9,1,'S004','รัตนา คำหล้า','0899999999',NULL,'นวดเท้า','active','2026-04-09 14:35:24','2026-04-09 14:35:24');
INSERT INTO `staff` VALUES (10,1,'S005','อรทัย ศรีใจ','0800000000',NULL,'นวดประคบสมุนไพร','active','2026-04-09 14:35:24','2026-04-09 14:35:24');
INSERT INTO `staff` VALUES (11,1,'S006','พนักงาน สาขาสยาม 006','0800000106',NULL,'นวดทั่วไป','active','2026-04-17 17:05:39','2026-04-17 17:05:39');
INSERT INTO `staff` VALUES (12,2,'S006','พนักงาน สาขาอโศก 006','0800000206',NULL,'นวดทั่วไป','active','2026-04-17 17:05:39','2026-04-17 17:05:39');
INSERT INTO `staff` VALUES (13,1,'S007','พนักงาน สาขาสยาม 007','0800000107',NULL,'นวดทั่วไป','active','2026-04-17 17:05:39','2026-04-17 17:05:39');
INSERT INTO `staff` VALUES (14,2,'S007','พนักงาน สาขาอโศก 007','0800000207',NULL,'นวดทั่วไป','active','2026-04-17 17:05:39','2026-04-17 17:05:39');
INSERT INTO `staff` VALUES (15,1,'S008','พนักงาน สาขาสยาม 008','0800000108',NULL,'นวดทั่วไป','active','2026-04-17 17:05:39','2026-04-17 17:05:39');
INSERT INTO `staff` VALUES (16,2,'S008','พนักงาน สาขาอโศก 008','0800000208',NULL,'นวดทั่วไป','active','2026-04-17 17:05:39','2026-04-17 17:05:39');
INSERT INTO `staff` VALUES (17,1,'S009','พนักงาน สาขาสยาม 009','0800000109',NULL,'นวดทั่วไป','active','2026-04-17 17:05:39','2026-04-17 17:05:39');
INSERT INTO `staff` VALUES (18,2,'S009','พนักงาน สาขาอโศก 009','0800000209',NULL,'นวดทั่วไป','active','2026-04-17 17:05:39','2026-04-17 17:05:39');
INSERT INTO `staff` VALUES (19,1,'S010','พนักงาน สาขาสยาม 010','0800000110',NULL,'นวดทั่วไป','active','2026-04-17 17:05:39','2026-04-17 17:05:39');
INSERT INTO `staff` VALUES (20,2,'S010','พนักงาน สาขาอโศก 010','0800000210',NULL,'นวดทั่วไป','active','2026-04-17 17:05:39','2026-04-17 17:05:39');
INSERT INTO `staff` VALUES (21,1,'S011','พนักงาน สาขาสยาม 011','0800000111',NULL,'นวดทั่วไป','active','2026-04-17 17:05:39','2026-04-17 17:05:39');
INSERT INTO `staff` VALUES (22,2,'S011','พนักงาน สาขาอโศก 011','0800000211',NULL,'นวดทั่วไป','active','2026-04-17 17:05:39','2026-04-17 17:05:39');
INSERT INTO `staff` VALUES (23,1,'S012','พนักงาน สาขาสยาม 012','0800000112',NULL,'นวดทั่วไป','active','2026-04-17 17:05:39','2026-04-17 17:05:39');
INSERT INTO `staff` VALUES (24,2,'S012','พนักงาน สาขาอโศก 012','0800000212',NULL,'นวดทั่วไป','active','2026-04-17 17:05:39','2026-04-17 17:05:39');
INSERT INTO `staff` VALUES (25,1,'S013','พนักงาน สาขาสยาม 013','0800000113',NULL,'นวดทั่วไป','active','2026-04-17 17:05:39','2026-04-17 17:05:39');
INSERT INTO `staff` VALUES (26,2,'S013','พนักงาน สาขาอโศก 013','0800000213',NULL,'นวดทั่วไป','active','2026-04-17 17:05:39','2026-04-17 17:05:39');
INSERT INTO `staff` VALUES (27,1,'S014','พนักงาน สาขาสยาม 014','0800000114',NULL,'นวดทั่วไป','active','2026-04-17 17:05:39','2026-04-17 17:05:39');
INSERT INTO `staff` VALUES (28,2,'S014','พนักงาน สาขาอโศก 014','0800000214',NULL,'นวดทั่วไป','active','2026-04-17 17:05:39','2026-04-17 17:05:39');
INSERT INTO `staff` VALUES (29,1,'S015','พนักงาน สาขาสยาม 015','0800000115',NULL,'นวดทั่วไป','active','2026-04-17 17:05:39','2026-04-17 17:05:39');
INSERT INTO `staff` VALUES (30,2,'S015','พนักงาน สาขาอโศก 015','0800000215',NULL,'นวดทั่วไป','active','2026-04-17 17:05:39','2026-04-17 17:05:39');
INSERT INTO `staff` VALUES (31,1,'S016','พนักงาน สาขาสยาม 016','0800000116',NULL,'นวดทั่วไป','active','2026-04-17 17:05:39','2026-04-17 17:05:39');
INSERT INTO `staff` VALUES (32,2,'S016','พนักงาน สาขาอโศก 016','0800000216',NULL,'นวดทั่วไป','active','2026-04-17 17:05:39','2026-04-17 17:05:39');
INSERT INTO `staff` VALUES (33,1,'S017','พนักงาน สาขาสยาม 017','0800000117',NULL,'นวดทั่วไป','active','2026-04-17 17:05:39','2026-04-17 17:05:39');
INSERT INTO `staff` VALUES (34,2,'S017','พนักงาน สาขาอโศก 017','0800000217',NULL,'นวดทั่วไป','active','2026-04-17 17:05:39','2026-04-17 17:05:39');
INSERT INTO `staff` VALUES (35,1,'S018','พนักงาน สาขาสยาม 018','0800000118',NULL,'นวดทั่วไป','active','2026-04-17 17:05:39','2026-04-17 17:05:39');
INSERT INTO `staff` VALUES (36,2,'S018','พนักงาน สาขาอโศก 018','0800000218',NULL,'นวดทั่วไป','active','2026-04-17 17:05:39','2026-04-17 17:05:39');
INSERT INTO `staff` VALUES (37,1,'S019','พนักงาน สาขาสยาม 019','0800000119',NULL,'นวดทั่วไป','active','2026-04-17 17:05:39','2026-04-17 17:05:39');
INSERT INTO `staff` VALUES (38,2,'S019','พนักงาน สาขาอโศก 019','0800000219',NULL,'นวดทั่วไป','active','2026-04-17 17:05:39','2026-04-17 17:05:39');
INSERT INTO `staff` VALUES (39,1,'S020','พนักงาน สาขาสยาม 020','0800000120',NULL,'นวดทั่วไป','active','2026-04-17 17:05:39','2026-04-17 17:05:39');
INSERT INTO `staff` VALUES (40,2,'S020','พนักงาน สาขาอโศก 020','0800000220',NULL,'นวดทั่วไป','active','2026-04-17 17:05:39','2026-04-17 17:05:39');
INSERT INTO `staff` VALUES (41,1,'S021','พนักงาน สาขาสยาม 021','0800000121',NULL,'นวดทั่วไป','active','2026-04-17 17:05:39','2026-04-17 17:05:39');
INSERT INTO `staff` VALUES (42,2,'S021','พนักงาน สาขาอโศก 021','0800000221',NULL,'นวดทั่วไป','active','2026-04-17 17:05:39','2026-04-17 17:05:39');
INSERT INTO `staff` VALUES (43,1,'S022','พนักงาน สาขาสยาม 022','0800000122',NULL,'นวดทั่วไป','active','2026-04-17 17:05:39','2026-04-17 17:05:39');
INSERT INTO `staff` VALUES (44,2,'S022','พนักงาน สาขาอโศก 022','0800000222',NULL,'นวดทั่วไป','active','2026-04-17 17:05:39','2026-04-17 17:05:39');
INSERT INTO `staff` VALUES (45,1,'S023','พนักงาน สาขาสยาม 023','0800000123',NULL,'นวดทั่วไป','active','2026-04-17 17:05:39','2026-04-17 17:05:39');
INSERT INTO `staff` VALUES (46,2,'S023','พนักงาน สาขาอโศก 023','0800000223',NULL,'นวดทั่วไป','active','2026-04-17 17:05:39','2026-04-17 17:05:39');
INSERT INTO `staff` VALUES (47,1,'S024','พนักงาน สาขาสยาม 024','0800000124',NULL,'นวดทั่วไป','active','2026-04-17 17:05:39','2026-04-17 17:05:39');
INSERT INTO `staff` VALUES (48,2,'S024','พนักงาน สาขาอโศก 024','0800000224',NULL,'นวดทั่วไป','active','2026-04-17 17:05:39','2026-04-17 17:05:39');
INSERT INTO `staff` VALUES (49,1,'S025','พนักงาน สาขาสยาม 025','0800000125',NULL,'นวดทั่วไป','active','2026-04-17 17:05:39','2026-04-17 17:05:39');
INSERT INTO `staff` VALUES (50,2,'S025','พนักงาน สาขาอโศก 025','0800000225',NULL,'นวดทั่วไป','active','2026-04-17 17:05:39','2026-04-17 17:05:39');
INSERT INTO `staff` VALUES (74,2,'S026','พนักงาน สาขาอโศก 026','0820000026',NULL,'นวดทั่วไป','active','2026-04-17 17:06:16','2026-04-17 17:06:16');
/*!40000 ALTER TABLE `staff` ENABLE KEYS */;
UNLOCK TABLES;

--
-- Table structure for table `staff_leaves`
--

DROP TABLE IF EXISTS `staff_leaves`;
/*!40101 SET @saved_cs_client     = @@character_set_client */;
/*!40101 SET character_set_client = utf8mb4 */;
CREATE TABLE `staff_leaves` (
  `id` int(10) unsigned NOT NULL AUTO_INCREMENT,
  `staff_id` int(10) unsigned NOT NULL,
  `branch_id` int(10) unsigned NOT NULL,
  `leave_date` date NOT NULL,
  `leave_type` enum('sick','personal','vacation') NOT NULL DEFAULT 'personal',
  `reason` varchar(255) DEFAULT NULL,
  `created_at` timestamp NOT NULL DEFAULT current_timestamp(),
  `updated_at` timestamp NOT NULL DEFAULT current_timestamp() ON UPDATE current_timestamp(),
  PRIMARY KEY (`id`),
  KEY `idx_staff_leaves_staff` (`staff_id`),
  KEY `idx_staff_leaves_branch` (`branch_id`),
  KEY `idx_staff_leaves_date` (`leave_date`)
) ENGINE=InnoDB AUTO_INCREMENT=6 DEFAULT CHARSET=utf8mb4 COLLATE=utf8mb4_unicode_ci;
/*!40101 SET character_set_client = @saved_cs_client */;

--
-- Dumping data for table `staff_leaves`
--

LOCK TABLES `staff_leaves` WRITE;
/*!40000 ALTER TABLE `staff_leaves` DISABLE KEYS */;
INSERT INTO `staff_leaves` VALUES (1,6,1,'2026-04-10','personal',NULL,'2026-04-10 03:41:31','2026-04-10 04:10:49');
INSERT INTO `staff_leaves` VALUES (2,6,1,'2026-04-06','personal',NULL,'2026-04-10 03:54:00','2026-04-10 04:10:49');
INSERT INTO `staff_leaves` VALUES (3,6,1,'2026-04-07','personal',NULL,'2026-04-10 03:54:00','2026-04-10 04:10:49');
INSERT INTO `staff_leaves` VALUES (4,6,1,'2026-04-08','vacation',NULL,'2026-04-10 03:54:07','2026-04-10 04:10:49');
/*!40000 ALTER TABLE `staff_leaves` ENABLE KEYS */;
UNLOCK TABLES;

--
-- Table structure for table `time_slots`
--

DROP TABLE IF EXISTS `time_slots`;
/*!40101 SET @saved_cs_client     = @@character_set_client */;
/*!40101 SET character_set_client = utf8mb4 */;
CREATE TABLE `time_slots` (
  `id` int(10) unsigned NOT NULL AUTO_INCREMENT,
  `branch_id` int(10) unsigned NOT NULL,
  `begin_time` time NOT NULL,
  `end_time` time NOT NULL,
  `duration_minutes` int(10) unsigned NOT NULL,
  PRIMARY KEY (`id`),
  KEY `idx_time_slots_branch` (`branch_id`),
  CONSTRAINT `chk_time_slots_range` CHECK (`end_time` > `begin_time`)
) ENGINE=InnoDB AUTO_INCREMENT=25 DEFAULT CHARSET=utf8mb4 COLLATE=utf8mb4_unicode_ci;
/*!40101 SET character_set_client = @saved_cs_client */;

--
-- Dumping data for table `time_slots`
--

LOCK TABLES `time_slots` WRITE;
/*!40000 ALTER TABLE `time_slots` DISABLE KEYS */;
INSERT INTO `time_slots` VALUES (16,1,'08:30:00','10:00:00',90);
INSERT INTO `time_slots` VALUES (17,2,'08:30:00','10:00:00',90);
INSERT INTO `time_slots` VALUES (18,1,'10:30:00','12:00:00',90);
INSERT INTO `time_slots` VALUES (19,2,'10:30:00','12:00:00',90);
INSERT INTO `time_slots` VALUES (20,1,'13:00:00','14:30:00',90);
INSERT INTO `time_slots` VALUES (21,2,'13:00:00','14:30:00',90);
INSERT INTO `time_slots` VALUES (22,1,'15:00:00','16:30:00',90);
INSERT INTO `time_slots` VALUES (23,2,'15:00:00','16:30:00',90);
INSERT INTO `time_slots` VALUES (24,1,'17:00:00','18:30:00',90);
/*!40000 ALTER TABLE `time_slots` ENABLE KEYS */;
UNLOCK TABLES;
/*!40103 SET TIME_ZONE=@OLD_TIME_ZONE */;

/*!40101 SET SQL_MODE=@OLD_SQL_MODE */;
/*!40014 SET FOREIGN_KEY_CHECKS=@OLD_FOREIGN_KEY_CHECKS */;
/*!40014 SET UNIQUE_CHECKS=@OLD_UNIQUE_CHECKS */;
/*!40101 SET CHARACTER_SET_CLIENT=@OLD_CHARACTER_SET_CLIENT */;
/*!40101 SET CHARACTER_SET_RESULTS=@OLD_CHARACTER_SET_RESULTS */;
/*!40101 SET COLLATION_CONNECTION=@OLD_COLLATION_CONNECTION */;
/*!40111 SET SQL_NOTES=@OLD_SQL_NOTES */;

-- Dump completed on 2026-04-18  1:04:41
